Type,Name,Request Count,Failure Count,Median Response Time,Average Response Time,Min Response Time,Max Response Time,Average Content Size,Requests/s,Failures/s,50%,66%,75%,80%,90%,95%,98%,99%,99.9%,99.99%,100%
POST,POST /recommendations (hybrid),7267,0,160.0,415.8461326400822,3.7815000396221876,3054.3743999442086,489.16595569010593,52.55980904887911,0.0,160,310,460,660,1400,1800,2300,2700,3000,3100,3100
,Aggregated,7267,0,160.0,415.8461326400822,3.7815000396221876,3054.3743999442086,489.16595569010593,52.55980904887911,0.0,160,310,460,660,1400,1800,2300,2700,3000,3100,3100
