Type,Name,Request Count,Failure Count,Median Response Time,Average Response Time,Min Response Time,Max Response Time,Average Content Size,Requests/s,Failures/s,50%,66%,75%,80%,90%,95%,98%,99%,99.9%,99.99%,100%
POST,POST /recommendations (hybrid),6103,2,2600.0,2531.4253737833715,4.0574000449851155,8756.427700049244,488.72341471407503,46.6560430362538,0.015289543842783483,2600,2900,3600,3900,4300,4700,5200,5700,7200,8800,8800
,Aggregated,6103,2,2600.0,2531.4253737833715,4.0574000449851155,8756.427700049244,488.72341471407503,46.6560430362538,0.015289543842783483,2600,2900,3600,3900,4300,4700,5200,5700,7200,8800,8800
